<?xml version="1.0" encoding="iso-8859-1"?>
<?xml-stylesheet href="file:///usr/bin/../share/nmap/nmap.xsl" type="text/xsl"?><nmaprun start="1486682957" profile_name="" xmloutputversion="1.04" scanner="nmap" version="7.40" startstr="Thu Feb  9 18:29:17 2017" args="nmap -T4 -F -Pn 92.99.41.215"><scaninfo services="7,9,13,21-23,25-26,37,53,79-81,88,106,110-111,113,119,135,139,143-144,179,199,389,427,443-445,465,513-515,543-544,548,554,587,631,646,873,990,993,995,1025-1029,1110,1433,1720,1723,1755,1900,2000-2001,2049,2121,2717,3000,3128,3306,3389,3986,4899,5000,5009,5051,5060,5101,5190,5357,5432,5631,5666,5800,5900,6000-6001,6646,7070,8000,8008-8009,8080-8081,8443,8888,9100,9999-10000,32768,49152-49157" protocol="tcp" numservices="100" type="syn"></scaninfo><verbose level="0"></verbose><debugging level="0"></debugging><output type="interactive">
Starting Nmap 7.40 ( https://nmap.org ) at 2017-02-09 18:29 EST
Nmap scan report for 92.99.41.215
Host is up.
All 100 scanned ports on 92.99.41.215 are filtered

Nmap done: 1 IP address (1 host up) scanned in 11.15 seconds
</output><host comment=""><status state="up"></status><address addrtype="ipv4" vendor="" addr="92.99.41.215"></address><hostnames></hostnames><ports><extraports count="100" state="filtered"></extraports></ports><os></os><uptime lastboot="" seconds=""></uptime><tcpsequence index="" values="" difficulty=""></tcpsequence><ipidsequence values="" class=""></ipidsequence><tcptssequence values="" class=""></tcptssequence></host><runstats><finished timestr="Thu Feb  9 18:29:28 2017" time="1486682968"></finished><hosts down="0" total="1" up="1"></hosts></runstats></nmaprun>