<?xml version="1.0" encoding="iso-8859-1"?>
<?xml-stylesheet href="file:///usr/bin/../share/nmap/nmap.xsl" type="text/xsl"?><nmaprun start="1486683903" profile_name="" xmloutputversion="1.04" scanner="nmap" version="7.40" startstr="Thu Feb  9 18:45:03 2017" args="nmap -p 81 -T4 -Pn --script banner 87.121.18.118"><scaninfo services="81" protocol="tcp" numservices="1" type="syn"></scaninfo><verbose level="0"></verbose><debugging level="0"></debugging><output type="interactive">
Starting Nmap 7.40 ( https://nmap.org ) at 2017-02-09 18:45 EST
Nmap scan report for 87.121.18.118
Host is up (0.068s latency).
PORT   STATE SERVICE
81/tcp open  hosts2-ns

Nmap done: 1 IP address (1 host up) scanned in 15.43 seconds
</output><host comment=""><status state="up"></status><address addrtype="ipv4" vendor="" addr="87.121.18.118"></address><hostnames></hostnames><ports><port protocol="tcp" portid="81"><state reason="syn-ack" state="open" reason_ttl="51"></state><service method="table" conf="3" name="hosts2-ns"></service></port></ports><os></os><uptime lastboot="" seconds=""></uptime><tcpsequence index="" values="" difficulty=""></tcpsequence><ipidsequence values="" class=""></ipidsequence><tcptssequence values="" class=""></tcptssequence></host><runstats><finished timestr="Thu Feb  9 18:45:18 2017" time="1486683918"></finished><hosts down="0" total="1" up="1"></hosts></runstats></nmaprun>